{"cameraMode":{"drawMode":0,"name":"Shaded","section":"Shading Mode"},"sceneLighting":true,"audioPlay":false,"sceneViewState":{"showFog":true,"showMaterialUpdate":true,"showSkybox":true,"showFlares":true,"showImageEffects":true,"showParticleSystems":true},"in2DMode":false,"pivot":{"x":0.36000001430511477,"y":11.819999694824219,"z":-12.470000267028809},"rotation":{"x":0.605603814125061,"y":0.24128490686416627,"z":-0.1997535079717636,"w":0.7315276265144348},"size":10.0,"orthographic":false}